-- World Cup 2026 Match Schedule
-- Generated based on official schedule framework and specific confirmed fixtures (as of Jan 2026)

INSERT INTO public.matches (date, home_team, home_team_code, away_team, away_team_code, venue, status) VALUES
-- GROUP A
('2026-06-11 15:00:00-06', 'México', 'MEX', 'Sudáfrica', 'RSA', 'Estadio Azteca', 'scheduled'),
('2026-06-11 22:00:00-06', 'Corea del Sur', 'KOR', 'UEFA Playoff D', 'EPD', 'Estadio Akron', 'scheduled'),
('2026-06-18 19:00:00-06', 'México', 'MEX', 'Corea del Sur', 'KOR', 'Estadio Akron', 'scheduled'),
('2026-06-18 15:00:00-04', 'Sudáfrica', 'RSA', 'UEFA Playoff D', 'EPD', 'Mercedes-Benz Stadium', 'scheduled'),
('2026-06-24 19:00:00-04', 'México', 'MEX', 'UEFA Playoff D', 'EPD', 'Estadio Azteca', 'scheduled'), -- Estimated MD3
('2026-06-24 19:00:00-04', 'Sudáfrica', 'RSA', 'Corea del Sur', 'KOR', 'Estadio BBVA', 'scheduled'), -- Estimated MD3

-- GROUP B
('2026-06-12 15:00:00-04', 'Canadá', 'CAN', 'UEFA Playoff A', 'EPA', 'BMO Field', 'scheduled'),
('2026-06-13 18:00:00-07', 'Qatar', 'QAT', 'Suiza', 'SUI', 'BC Place', 'scheduled'), -- Estimated
('2026-06-18 15:00:00-07', 'Canadá', 'CAN', 'Qatar', 'QAT', 'BC Place', 'scheduled'), -- Estimated
('2026-06-24 14:00:00-07', 'Qatar', 'QAT', 'UEFA Playoff A', 'EPA', 'Lumen Field', 'scheduled'),
('2026-06-24 14:00:00-07', 'Canadá', 'CAN', 'Suiza', 'SUI', 'BC Place', 'scheduled'), -- Estimated

-- GROUP C
('2026-06-13 15:00:00-04', 'Marruecos', 'MAR', 'Escocia', 'SCO', 'Gillette Stadium', 'scheduled'), -- Estimated
('2026-06-19 19:00:00-04', 'Brasil', 'BRA', 'Haití', 'HAI', 'Lincoln Financial Field', 'scheduled'),
('2026-06-24 16:00:00-04', 'Marruecos', 'MAR', 'Haití', 'HAI', 'Mercedes-Benz Stadium', 'scheduled'),
('2026-06-24 16:00:00-04', 'Brasil', 'BRA', 'Escocia', 'SCO', 'Gillette Stadium', 'scheduled'), -- Estimated

-- GROUP D
('2026-06-12 21:00:00-07', 'Estados Unidos', 'USA', 'Paraguay', 'PAR', 'SoFi Stadium', 'scheduled'),
('2026-06-13 19:00:00-07', 'Australia', 'AUS', 'UEFA Playoff C', 'EPC', 'Levi''s Stadium', 'scheduled'), -- Estimated
('2026-06-19 16:00:00-07', 'Estados Unidos', 'USA', 'Australia', 'AUS', 'Lumen Field', 'scheduled'),
('2026-06-19 19:00:00-07', 'Paraguay', 'PAR', 'UEFA Playoff C', 'EPC', 'Levi''s Stadium', 'scheduled'), -- Estimated
('2026-06-25 18:00:00-07', 'Estados Unidos', 'USA', 'UEFA Playoff C', 'EPC', 'SoFi Stadium', 'scheduled'),
('2026-06-25 18:00:00-07', 'Paraguay', 'PAR', 'Australia', 'AUS', 'Levi''s Stadium', 'scheduled'), -- Estimated

-- GROUP E
('2026-06-14 13:00:00-05', 'Alemania', 'GER', 'Curazao', 'CUR', 'NRG Stadium', 'scheduled'),
('2026-06-14 15:00:00-04', 'Costa de Marfil', 'CIV', 'Ecuador', 'ECU', 'Lincoln Financial Field', 'scheduled'),
('2026-06-20 16:00:00-04', 'Alemania', 'GER', 'Costa de Marfil', 'CIV', 'BMO Field', 'scheduled'),
('2026-06-20 19:00:00-05', 'Curazao', 'CUR', 'Ecuador', 'ECU', 'NRG Stadium', 'scheduled'), -- Estimated
('2026-06-25 16:00:00-04', 'Curazao', 'CUR', 'Costa de Marfil', 'CIV', 'Lincoln Financial Field', 'scheduled'),
('2026-06-25 16:00:00-05', 'Alemania', 'GER', 'Ecuador', 'ECU', 'Arrowhead Stadium', 'scheduled'), -- Estimated

-- GROUP F
('2026-06-14 16:00:00-05', 'Países Bajos', 'NED', 'Japón', 'JPN', 'AT&T Stadium', 'scheduled'),
('2026-06-14 19:00:00-04', 'Túnez', 'TUN', 'UEFA Playoff B', 'EPB', 'MetLife Stadium', 'scheduled'), -- Estimated
('2026-06-20 13:00:00-05', 'Países Bajos', 'NED', 'UEFA Playoff B', 'EPB', 'NRG Stadium', 'scheduled'),
('2026-06-26 15:00:00-04', 'Japón', 'JPN', 'Túnez', 'TUN', 'Gillette Stadium', 'scheduled'), -- Estimated
('2026-06-26 18:00:00-04', 'Países Bajos', 'NED', 'Túnez', 'TUN', 'MetLife Stadium', 'scheduled'), -- Estimated

-- GROUP G
('2026-06-15 13:00:00-07', 'Bélgica', 'BEL', 'Egipto', 'EGY', 'Lumen Field', 'scheduled'),
('2026-06-15 16:00:00-07', 'Irán', 'IRN', 'Nueva Zelanda', 'NZL', 'BC Place', 'scheduled'), -- Estimated
('2026-06-26 13:00:00-07', 'Egipto', 'EGY', 'Irán', 'IRN', 'Lumen Field', 'scheduled'),
('2026-06-26 16:00:00-07', 'Bélgica', 'BEL', 'Nueva Zelanda', 'NZL', 'BC Place', 'scheduled'), -- Estimated

-- GROUP H
('2026-06-15 12:00:00-04', 'España', 'ESP', 'Cabo Verde', 'CPV', 'Mercedes-Benz Stadium', 'scheduled'),
('2026-06-15 15:00:00-04', 'Arabia Saudita', 'KSA', 'Uruguay', 'URU', 'Hard Rock Stadium', 'scheduled'),
('2026-06-21 15:00:00-04', 'España', 'ESP', 'Arabia Saudita', 'KSA', 'Mercedes-Benz Stadium', 'scheduled'),
('2026-06-21 18:00:00-04', 'Cabo Verde', 'CPV', 'Uruguay', 'URU', 'Hard Rock Stadium', 'scheduled'), -- Estimated

-- GROUP I
('2026-06-16 16:00:00-04', 'Francia', 'FRA', 'Senegal', 'SEN', 'Lincoln Financial Field', 'scheduled'), -- Estimated
('2026-06-22 16:00:00-04', 'Francia', 'FRA', 'Interconfed Playoff 2', 'IPO2', 'Lincoln Financial Field', 'scheduled'),
('2026-06-26 15:00:00-04', 'Senegal', 'SEN', 'Interconfed Playoff 2', 'IPO2', 'BMO Field', 'scheduled'),

-- GROUP J
('2026-06-16 19:00:00-04', 'Argentina', 'ARG', 'Argelia', 'ALG', 'MetLife Stadium', 'scheduled'), -- Estimated
('2026-06-16 19:00:00-04', 'Austria', 'AUT', 'Jordania', 'JOR', 'Gillette Stadium', 'scheduled'), -- Estimated
('2026-07-03 15:00:00-04', 'Ganador Grupo J', 'W_J', 'Ganador Grupo H', 'W_H', 'Hard Rock Stadium', 'scheduled'), -- Knockout Example

-- GROUP K
('2026-06-17 13:00:00-05', 'Portugal', 'POR', 'Interconfed Playoff 1', 'IPO1', 'NRG Stadium', 'scheduled'),
('2026-06-23 13:00:00-05', 'Portugal', 'POR', 'Uzbekistán', 'UZB', 'NRG Stadium', 'scheduled'),
('2026-06-27 15:00:00-04', 'Uzbekistán', 'UZB', 'Interconfed Playoff 1', 'IPO1', 'Mercedes-Benz Stadium', 'scheduled'),

-- GROUP L
('2026-06-17 16:00:00-05', 'Inglaterra', 'ENG', 'Croacia', 'CRO', 'AT&T Stadium', 'scheduled'),
('2026-06-17 19:00:00-04', 'Ghana', 'GHA', 'Panamá', 'PAN', 'BMO Field', 'scheduled'),
('2026-06-23 16:00:00-04', 'Inglaterra', 'ENG', 'Ghana', 'GHA', 'Gillette Stadium', 'scheduled'), -- Venue corrected to Boston from snippet
('2026-06-23 19:00:00-04', 'Croacia', 'CRO', 'Panamá', 'PAN', 'BMO Field', 'scheduled'), -- Venue corrected to Toronto from snippet
('2026-06-27 19:00:00-04', 'Croacia', 'CRO', 'Ghana', 'GHA', 'Lincoln Financial Field', 'scheduled'), -- From Philadelphia snippet

-- KNOCKOUT STAGE (Examples - Round of 32)
('2026-06-28 12:00:00-07', '2do Grupo A', '2_A', '2do Grupo B', '2_B', 'SoFi Stadium', 'scheduled'), -- Match 73
('2026-06-29 12:00:00-04', '1er Grupo E', '1_E', '3er Grupo A/B/C/D/F', '3_X', 'Gillette Stadium', 'scheduled'), -- Match 74
('2026-06-29 19:00:00-06', '1er Grupo F', '1_F', '2do Grupo C', '2_C', 'Estadio BBVA', 'scheduled'), -- Match 75
('2026-06-30 13:00:00-05', '1er Grupo C', '1_C', '2do Grupo F', '2_F', 'NRG Stadium', 'scheduled'), -- Match 76
('2026-06-30 19:00:00-04', '1er Grupo I', '1_I', '3er Grupo C/D/F/G/H', '3_Y', 'MetLife Stadium', 'scheduled'), -- Match 77
('2026-07-01 13:00:00-05', '2do Grupo E', '2_E', '2do Grupo I', '2_I', 'AT&T Stadium', 'scheduled'), -- Match 78
('2026-07-01 19:00:00-06', '1er Grupo A', '1_A', '3er Grupo C/E/F/H/I', '3_Z', 'Estadio Azteca', 'scheduled'), -- Match 79
('2026-07-02 12:00:00-04', '1er Grupo L', '1_L', '3er Grupo E/H/I/J/K', '3_W', 'Mercedes-Benz Stadium', 'scheduled'), -- Match 80
('2026-07-02 15:00:00-07', '1er Grupo D', '1_D', '3er Grupo B/E/F/I/J', '3_V', 'Levi''s Stadium', 'scheduled'), -- Match 81
-- More Rounds...
('2026-07-19 15:00:00-04', 'Finalista 1', 'WIN_SF1', 'Finalista 2', 'WIN_SF2', 'MetLife Stadium', 'scheduled')  -- FINAL
;
